episode,episode_reward,best_reward,epsilon
1,-28.2100,-28.2100,0.995000
2,-51.4500,-28.2100,0.990025
3,-30.9200,-28.2100,0.985075
